text,label,type
Graph,PERSON,NER
谷歌,ORG,NER
2012年,DATE,NER
三元组,CARDINAL,NER
数据层,CARDINAL,NER
图谱,n,JIEBA
结构化,n,JIEBA
语义,n,JIEBA
知识库,n,JIEBA
符号,n,JIEBA
物理,n,JIEBA
世界,n,JIEBA
概念,n,JIEBA
关系,n,JIEBA
网页,n,JIEBA
链接,n,JIEBA
用户,n,JIEBA
主题,n,JIEBA
检索,vn,JIEBA
全面,n,JIEBA
深度,ns,JIEBA
搜索引擎,n,JIEBA
表示法,n,JIEBA
数据,n,JIEBA
模式,n,JIEBA
事实,n,JIEBA
融合,vn,JIEBA
加工,vn,JIEBA
关键技术,n,JIEBA
问题,n,JIEBA
精确性,n,JIEBA
挑战,vn,JIEBA
Knowledge Graph,PARENTHESIS,REGEX
知识图谱,KG_TERM,TERM
知识抽取,KG_TERM,TERM
语义搜索,KG_TERM,TERM
通用,ORG,NER
初学,n,JIEBA
文章,n,JIEBA
网络连接,n,JIEBA
信息,n,JIEBA
代表,n,JIEBA
实体,n,JIEBA
网络,n,JIEBA
行业,n,JIEBA
金融,n,JIEBA
社交,n,JIEBA
场景,n,JIEBA
详细描述,n,JIEBA
建模,n,JIEBA
初学篇,PARENTHESIS,REGEX
语义网,KG_TERM,TERM
语义网络,KG_TERM,TERM
可视化,n,JIEBA
技术,n,JIEBA
美团,n,JIEBA
利用,n,JIEBA
框架,n,JIEBA
布局,n,JIEBA
策略,n,JIEBA
视觉,n,JIEBA
功能,n,JIEBA
业务,n,JIEBA
设计,vn,JIEBA
效果,n,JIEBA
发展,vn,JIEBA
方向,n,JIEBA
图谱可视化,KG_TERM,TERM
阿里云文,PERSON,NER
举例,n,JIEBA
文档,n,JIEBA
银行,n,JIEBA
欺诈,vn,JIEBA
分析,vn,JIEBA
理论,n,JIEBA
案例,n,JIEBA
检测,vn,JIEBA
答案,n,JIEBA
1.,CARDINAL,NER
博客,nr,JIEBA
定义,n,JIEBA
结构,n,JIEBA
数据类型,n,JIEBA
架构,n,JIEBA
感兴趣,n,JIEBA
初学者,n,JIEBA
逻辑,n,JIEBA
本体,n,JIEBA
质量,n,JIEBA
推理,KG_TERM,TERM
图谱构建,KG_TERM,TERM
IBM,ORG,NER
图形,n,JIEBA
数据库,n,JIEBA
驱动,vn,JIEBA
原理,n,JIEBA
机器,n,JIEBA
对象,n,JIEBA
零售,vn,JIEBA
娱乐,vn,JIEBA
医疗,n,JIEBA
领域,n,JIEBA
机器学习,KG_TERM,TERM
自然语言处理,KG_TERM,TERM
百度,ORG,NER
学科,n,JIEBA
目的,n,JIEBA
百科,nz,JIEBA
资源,n,JIEBA
研究,vn,JIEBA
动态,n,JIEBA
规律,n,JIEBA
方法,n,JIEBA
核心,n,JIEBA
智能化,nr,JIEBA
文本,n,JIEBA
监控,vn,JIEBA
风险,n,JIEBA
多学科融合目的的现代理论,PARENTHESIS,REGEX
GitHub仓库,FAC,NER
仓库,n,JIEBA
学习材料,n,JIEBA
系统,n,JIEBA
纲要,n,JIEBA
文献,n,JIEBA
工具,n,JIEBA
对话,n,JIEBA
NLP,KG_TERM,TERM
华为云,NORP,NER
平台,n,JIEBA
华为,nr,JIEBA
服务,vn,JIEBA
增量,n,JIEBA
高可靠性,n,JIEBA
实时性,n,JIEBA
特征,n,JIEBA
CC,PERSON,NER
第21,ORDINAL,NER
数图,n,JIEBA
焦点,n,JIEBA
报告,n,JIEBA
转型,n,JIEBA
管理,vn,JIEBA
趋势,n,JIEBA
编辑,n,JIEBA
寄语,n,JIEBA
智能,n,JIEBA
重要性,n,JIEBA
生命周期,n,JIEBA
教育,vn,JIEBA
知识图谱 | CCF DL Focus On Knowledge Graph,DEFINITION,REGEX
