subject,predicate,object,sentence,confidence,method
Graph,is_a,结构化,知识图谱（Knowledge Graph）是结构化的语义知识库，用符号描述物理世界概念及其关系,0.8,pattern
Graph,is_a,语义,知识图谱（Knowledge Graph）是结构化的语义知识库，用符号描述物理世界概念及其关系,0.8,pattern
Graph,is_a,知识库,知识图谱（Knowledge Graph）是结构化的语义知识库，用符号描述物理世界概念及其关系,0.8,pattern
Graph,is_a,符号,知识图谱（Knowledge Graph）是结构化的语义知识库，用符号描述物理世界概念及其关系,0.8,pattern
Graph,is_a,物理,知识图谱（Knowledge Graph）是结构化的语义知识库，用符号描述物理世界概念及其关系,0.8,pattern
Graph,is_a,世界,知识图谱（Knowledge Graph）是结构化的语义知识库，用符号描述物理世界概念及其关系,0.8,pattern
Graph,is_a,概念,知识图谱（Knowledge Graph）是结构化的语义知识库，用符号描述物理世界概念及其关系,0.8,pattern
图谱,is_a,结构化,知识图谱（Knowledge Graph）是结构化的语义知识库，用符号描述物理世界概念及其关系,0.8,pattern
图谱,is_a,语义,知识图谱（Knowledge Graph）是结构化的语义知识库，用符号描述物理世界概念及其关系,0.8,pattern
图谱,is_a,知识库,知识图谱（Knowledge Graph）是结构化的语义知识库，用符号描述物理世界概念及其关系,0.8,pattern
图谱,is_a,符号,知识图谱（Knowledge Graph）是结构化的语义知识库，用符号描述物理世界概念及其关系,0.8,pattern
图谱,is_a,物理,知识图谱（Knowledge Graph）是结构化的语义知识库，用符号描述物理世界概念及其关系,0.8,pattern
图谱,is_a,世界,知识图谱（Knowledge Graph）是结构化的语义知识库，用符号描述物理世界概念及其关系,0.8,pattern
图谱,is_a,概念,知识图谱（Knowledge Graph）是结构化的语义知识库，用符号描述物理世界概念及其关系,0.8,pattern
Knowledge Graph,is_a,结构化,知识图谱（Knowledge Graph）是结构化的语义知识库，用符号描述物理世界概念及其关系,0.8,pattern
Knowledge Graph,is_a,语义,知识图谱（Knowledge Graph）是结构化的语义知识库，用符号描述物理世界概念及其关系,0.8,pattern
Knowledge Graph,is_a,知识库,知识图谱（Knowledge Graph）是结构化的语义知识库，用符号描述物理世界概念及其关系,0.8,pattern
Knowledge Graph,is_a,符号,知识图谱（Knowledge Graph）是结构化的语义知识库，用符号描述物理世界概念及其关系,0.8,pattern
Knowledge Graph,is_a,物理,知识图谱（Knowledge Graph）是结构化的语义知识库，用符号描述物理世界概念及其关系,0.8,pattern
Knowledge Graph,is_a,世界,知识图谱（Knowledge Graph）是结构化的语义知识库，用符号描述物理世界概念及其关系,0.8,pattern
Knowledge Graph,is_a,概念,知识图谱（Knowledge Graph）是结构化的语义知识库，用符号描述物理世界概念及其关系,0.8,pattern
知识图谱,is_a,结构化,知识图谱（Knowledge Graph）是结构化的语义知识库，用符号描述物理世界概念及其关系,0.8,pattern
知识图谱,is_a,语义,知识图谱（Knowledge Graph）是结构化的语义知识库，用符号描述物理世界概念及其关系,0.8,pattern
知识图谱,is_a,知识库,知识图谱（Knowledge Graph）是结构化的语义知识库，用符号描述物理世界概念及其关系,0.8,pattern
知识图谱,is_a,符号,知识图谱（Knowledge Graph）是结构化的语义知识库，用符号描述物理世界概念及其关系,0.8,pattern
知识图谱,is_a,物理,知识图谱（Knowledge Graph）是结构化的语义知识库，用符号描述物理世界概念及其关系,0.8,pattern
知识图谱,is_a,世界,知识图谱（Knowledge Graph）是结构化的语义知识库，用符号描述物理世界概念及其关系,0.8,pattern
知识图谱,is_a,概念,知识图谱（Knowledge Graph）是结构化的语义知识库，用符号描述物理世界概念及其关系,0.8,pattern
问题,includes,融合,问题包括知识抽取精确性融合和加工挑战,0.8,pattern
问题,includes,加工,问题包括知识抽取精确性融合和加工挑战,0.8,pattern
问题,includes,精确性,问题包括知识抽取精确性融合和加工挑战,0.8,pattern
问题,includes,挑战,问题包括知识抽取精确性融合和加工挑战,0.8,pattern
问题,includes,知识抽取,问题包括知识抽取精确性融合和加工挑战,0.8,pattern
图谱,composed_of,谷歌,知识图谱由谷歌于2012年提出,0.8,pattern
图谱,composed_of,2012年,知识图谱由谷歌于2012年提出,0.8,pattern
知识图谱,composed_of,谷歌,知识图谱由谷歌于2012年提出,0.8,pattern
知识图谱,composed_of,2012年,知识图谱由谷歌于2012年提出,0.8,pattern
搜索引擎,composed_of,三元组,主要用于增强搜索引擎，由三元组表示法组成，用于数据层和模式层存储事实和知识,0.8,pattern
搜索引擎,composed_of,数据层,主要用于增强搜索引擎，由三元组表示法组成，用于数据层和模式层存储事实和知识,0.8,pattern
搜索引擎,composed_of,表示法,主要用于增强搜索引擎，由三元组表示法组成，用于数据层和模式层存储事实和知识,0.8,pattern
搜索引擎,composed_of,数据,主要用于增强搜索引擎，由三元组表示法组成，用于数据层和模式层存储事实和知识,0.8,pattern
搜索引擎,composed_of,模式,主要用于增强搜索引擎，由三元组表示法组成，用于数据层和模式层存储事实和知识,0.8,pattern
搜索引擎,composed_of,事实,主要用于增强搜索引擎，由三元组表示法组成，用于数据层和模式层存储事实和知识,0.8,pattern
三元组,used_for,数据层,主要用于增强搜索引擎，由三元组表示法组成，用于数据层和模式层存储事实和知识,0.8,pattern
三元组,used_for,数据,主要用于增强搜索引擎，由三元组表示法组成，用于数据层和模式层存储事实和知识,0.8,pattern
三元组,used_for,模式,主要用于增强搜索引擎，由三元组表示法组成，用于数据层和模式层存储事实和知识,0.8,pattern
三元组,used_for,事实,主要用于增强搜索引擎，由三元组表示法组成，用于数据层和模式层存储事实和知识,0.8,pattern
搜索引擎,used_for,数据层,主要用于增强搜索引擎，由三元组表示法组成，用于数据层和模式层存储事实和知识,0.8,pattern
搜索引擎,used_for,数据,主要用于增强搜索引擎，由三元组表示法组成，用于数据层和模式层存储事实和知识,0.8,pattern
搜索引擎,used_for,模式,主要用于增强搜索引擎，由三元组表示法组成，用于数据层和模式层存储事实和知识,0.8,pattern
搜索引擎,used_for,事实,主要用于增强搜索引擎，由三元组表示法组成，用于数据层和模式层存储事实和知识,0.8,pattern
表示法,used_for,数据层,主要用于增强搜索引擎，由三元组表示法组成，用于数据层和模式层存储事实和知识,0.8,pattern
表示法,used_for,数据,主要用于增强搜索引擎，由三元组表示法组成，用于数据层和模式层存储事实和知识,0.8,pattern
表示法,used_for,模式,主要用于增强搜索引擎，由三元组表示法组成，用于数据层和模式层存储事实和知识,0.8,pattern
表示法,used_for,事实,主要用于增强搜索引擎，由三元组表示法组成，用于数据层和模式层存储事实和知识,0.8,pattern
概念,implements,语义,支持从网页链接到概念链接的过渡，允许用户通过主题进行检索，实现全面和深度的语义搜索,0.8,pattern
概念,implements,全面,支持从网页链接到概念链接的过渡，允许用户通过主题进行检索，实现全面和深度的语义搜索,0.8,pattern
概念,implements,深度,支持从网页链接到概念链接的过渡，允许用户通过主题进行检索，实现全面和深度的语义搜索,0.8,pattern
概念,implements,语义搜索,支持从网页链接到概念链接的过渡，允许用户通过主题进行检索，实现全面和深度的语义搜索,0.8,pattern
网页,implements,语义,支持从网页链接到概念链接的过渡，允许用户通过主题进行检索，实现全面和深度的语义搜索,0.8,pattern
网页,implements,全面,支持从网页链接到概念链接的过渡，允许用户通过主题进行检索，实现全面和深度的语义搜索,0.8,pattern
网页,implements,深度,支持从网页链接到概念链接的过渡，允许用户通过主题进行检索，实现全面和深度的语义搜索,0.8,pattern
网页,implements,语义搜索,支持从网页链接到概念链接的过渡，允许用户通过主题进行检索，实现全面和深度的语义搜索,0.8,pattern
链接,implements,语义,支持从网页链接到概念链接的过渡，允许用户通过主题进行检索，实现全面和深度的语义搜索,0.8,pattern
链接,implements,全面,支持从网页链接到概念链接的过渡，允许用户通过主题进行检索，实现全面和深度的语义搜索,0.8,pattern
链接,implements,深度,支持从网页链接到概念链接的过渡，允许用户通过主题进行检索，实现全面和深度的语义搜索,0.8,pattern
链接,implements,语义搜索,支持从网页链接到概念链接的过渡，允许用户通过主题进行检索，实现全面和深度的语义搜索,0.8,pattern
用户,implements,语义,支持从网页链接到概念链接的过渡，允许用户通过主题进行检索，实现全面和深度的语义搜索,0.8,pattern
用户,implements,全面,支持从网页链接到概念链接的过渡，允许用户通过主题进行检索，实现全面和深度的语义搜索,0.8,pattern
用户,implements,深度,支持从网页链接到概念链接的过渡，允许用户通过主题进行检索，实现全面和深度的语义搜索,0.8,pattern
用户,implements,语义搜索,支持从网页链接到概念链接的过渡，允许用户通过主题进行检索，实现全面和深度的语义搜索,0.8,pattern
主题,implements,语义,支持从网页链接到概念链接的过渡，允许用户通过主题进行检索，实现全面和深度的语义搜索,0.8,pattern
主题,implements,全面,支持从网页链接到概念链接的过渡，允许用户通过主题进行检索，实现全面和深度的语义搜索,0.8,pattern
主题,implements,深度,支持从网页链接到概念链接的过渡，允许用户通过主题进行检索，实现全面和深度的语义搜索,0.8,pattern
主题,implements,语义搜索,支持从网页链接到概念链接的过渡，允许用户通过主题进行检索，实现全面和深度的语义搜索,0.8,pattern
检索,implements,语义,支持从网页链接到概念链接的过渡，允许用户通过主题进行检索，实现全面和深度的语义搜索,0.8,pattern
检索,implements,全面,支持从网页链接到概念链接的过渡，允许用户通过主题进行检索，实现全面和深度的语义搜索,0.8,pattern
检索,implements,深度,支持从网页链接到概念链接的过渡，允许用户通过主题进行检索，实现全面和深度的语义搜索,0.8,pattern
检索,implements,语义搜索,支持从网页链接到概念链接的过渡，允许用户通过主题进行检索，实现全面和深度的语义搜索,0.8,pattern
知识图谱,是一种,结构化的语义知识库,知识图谱（Knowledge Graph）是结构化的语义知识库，用符号描述物理世界概念及其关系。,0.9,openai
知识图谱,由...提出,谷歌,知识图谱由谷歌于2012年提出。,0.9,openai
知识图谱,用于,增强搜索引擎,知识图谱主要用于增强搜索引擎，由三元组表示法组成，用于数据层和模式层存储事实和知识。,0.9,openai
知识图谱,包括,三元组表示法,知识图谱主要用于增强搜索引擎，由三元组表示法组成，用于数据层和模式层存储事实和知识。,0.9,openai
知识图谱,包括,数据层,知识图谱主要用于增强搜索引擎，由三元组表示法组成，用于数据层和模式层存储事实和知识。,0.9,openai
知识图谱,包括,模式层,知识图谱主要用于增强搜索引擎，由三元组表示法组成，用于数据层和模式层存储事实和知识。,0.9,openai
知识图谱,涉及,知识抽取融合加工等关键技术,知识图谱由谷歌于2012年提出。主要用于增强搜索引擎，由三元组表示法组成，用于数据层和模式层存储事实和知识。涉及知识抽取融合加工等关键技术。,0.9,openai
知识图谱,应用于,"Google, Wolfram Alpha等","知识图谱由谷歌于2012年提出。主要用于增强搜索引擎，由三元组表示法组成，用于数据层和模式层存储事实和知识。应用包括Google, Wolfram Alpha等。",0.9,openai
图谱,is_a,行业,文章介绍知识图谱作为关系网络连接信息，代表实体及关系，是语义网络，实现语义搜索和行业应用,0.8,pattern
图谱,is_a,语义网,文章介绍知识图谱作为关系网络连接信息，代表实体及关系，是语义网络，实现语义搜索和行业应用,0.8,pattern
图谱,is_a,语义网络,文章介绍知识图谱作为关系网络连接信息，代表实体及关系，是语义网络，实现语义搜索和行业应用,0.8,pattern
图谱,is_a,语义搜索,文章介绍知识图谱作为关系网络连接信息，代表实体及关系，是语义网络，实现语义搜索和行业应用,0.8,pattern
文章,is_a,语义,文章介绍知识图谱作为关系网络连接信息，代表实体及关系，是语义网络，实现语义搜索和行业应用,0.8,pattern
文章,is_a,行业,文章介绍知识图谱作为关系网络连接信息，代表实体及关系，是语义网络，实现语义搜索和行业应用,0.8,pattern
文章,is_a,语义网,文章介绍知识图谱作为关系网络连接信息，代表实体及关系，是语义网络，实现语义搜索和行业应用,0.8,pattern
文章,is_a,语义网络,文章介绍知识图谱作为关系网络连接信息，代表实体及关系，是语义网络，实现语义搜索和行业应用,0.8,pattern
文章,is_a,语义搜索,文章介绍知识图谱作为关系网络连接信息，代表实体及关系，是语义网络，实现语义搜索和行业应用,0.8,pattern
关系,is_a,语义,文章介绍知识图谱作为关系网络连接信息，代表实体及关系，是语义网络，实现语义搜索和行业应用,0.8,pattern
关系,is_a,行业,文章介绍知识图谱作为关系网络连接信息，代表实体及关系，是语义网络，实现语义搜索和行业应用,0.8,pattern
关系,is_a,语义网,文章介绍知识图谱作为关系网络连接信息，代表实体及关系，是语义网络，实现语义搜索和行业应用,0.8,pattern
关系,is_a,语义网络,文章介绍知识图谱作为关系网络连接信息，代表实体及关系，是语义网络，实现语义搜索和行业应用,0.8,pattern
关系,is_a,语义搜索,文章介绍知识图谱作为关系网络连接信息，代表实体及关系，是语义网络，实现语义搜索和行业应用,0.8,pattern
网络连接,is_a,语义,文章介绍知识图谱作为关系网络连接信息，代表实体及关系，是语义网络，实现语义搜索和行业应用,0.8,pattern
网络连接,is_a,行业,文章介绍知识图谱作为关系网络连接信息，代表实体及关系，是语义网络，实现语义搜索和行业应用,0.8,pattern
网络连接,is_a,语义网,文章介绍知识图谱作为关系网络连接信息，代表实体及关系，是语义网络，实现语义搜索和行业应用,0.8,pattern
网络连接,is_a,语义网络,文章介绍知识图谱作为关系网络连接信息，代表实体及关系，是语义网络，实现语义搜索和行业应用,0.8,pattern
网络连接,is_a,语义搜索,文章介绍知识图谱作为关系网络连接信息，代表实体及关系，是语义网络，实现语义搜索和行业应用,0.8,pattern
信息,is_a,语义,文章介绍知识图谱作为关系网络连接信息，代表实体及关系，是语义网络，实现语义搜索和行业应用,0.8,pattern
信息,is_a,行业,文章介绍知识图谱作为关系网络连接信息，代表实体及关系，是语义网络，实现语义搜索和行业应用,0.8,pattern
信息,is_a,语义网,文章介绍知识图谱作为关系网络连接信息，代表实体及关系，是语义网络，实现语义搜索和行业应用,0.8,pattern
信息,is_a,语义网络,文章介绍知识图谱作为关系网络连接信息，代表实体及关系，是语义网络，实现语义搜索和行业应用,0.8,pattern
信息,is_a,语义搜索,文章介绍知识图谱作为关系网络连接信息，代表实体及关系，是语义网络，实现语义搜索和行业应用,0.8,pattern
代表,is_a,语义,文章介绍知识图谱作为关系网络连接信息，代表实体及关系，是语义网络，实现语义搜索和行业应用,0.8,pattern
代表,is_a,行业,文章介绍知识图谱作为关系网络连接信息，代表实体及关系，是语义网络，实现语义搜索和行业应用,0.8,pattern
代表,is_a,语义网,文章介绍知识图谱作为关系网络连接信息，代表实体及关系，是语义网络，实现语义搜索和行业应用,0.8,pattern
代表,is_a,语义网络,文章介绍知识图谱作为关系网络连接信息，代表实体及关系，是语义网络，实现语义搜索和行业应用,0.8,pattern
代表,is_a,语义搜索,文章介绍知识图谱作为关系网络连接信息，代表实体及关系，是语义网络，实现语义搜索和行业应用,0.8,pattern
实体,is_a,语义,文章介绍知识图谱作为关系网络连接信息，代表实体及关系，是语义网络，实现语义搜索和行业应用,0.8,pattern
实体,is_a,行业,文章介绍知识图谱作为关系网络连接信息，代表实体及关系，是语义网络，实现语义搜索和行业应用,0.8,pattern
实体,is_a,语义网,文章介绍知识图谱作为关系网络连接信息，代表实体及关系，是语义网络，实现语义搜索和行业应用,0.8,pattern
实体,is_a,语义网络,文章介绍知识图谱作为关系网络连接信息，代表实体及关系，是语义网络，实现语义搜索和行业应用,0.8,pattern
实体,is_a,语义搜索,文章介绍知识图谱作为关系网络连接信息，代表实体及关系，是语义网络，实现语义搜索和行业应用,0.8,pattern
网络,is_a,语义,文章介绍知识图谱作为关系网络连接信息，代表实体及关系，是语义网络，实现语义搜索和行业应用,0.8,pattern
网络,is_a,行业,文章介绍知识图谱作为关系网络连接信息，代表实体及关系，是语义网络，实现语义搜索和行业应用,0.8,pattern
网络,is_a,语义网,文章介绍知识图谱作为关系网络连接信息，代表实体及关系，是语义网络，实现语义搜索和行业应用,0.8,pattern
网络,is_a,语义网络,文章介绍知识图谱作为关系网络连接信息，代表实体及关系，是语义网络，实现语义搜索和行业应用,0.8,pattern
网络,is_a,语义搜索,文章介绍知识图谱作为关系网络连接信息，代表实体及关系，是语义网络，实现语义搜索和行业应用,0.8,pattern
知识图谱,is_a,行业,文章介绍知识图谱作为关系网络连接信息，代表实体及关系，是语义网络，实现语义搜索和行业应用,0.8,pattern
知识图谱,is_a,语义网,文章介绍知识图谱作为关系网络连接信息，代表实体及关系，是语义网络，实现语义搜索和行业应用,0.8,pattern
知识图谱,is_a,语义网络,文章介绍知识图谱作为关系网络连接信息，代表实体及关系，是语义网络，实现语义搜索和行业应用,0.8,pattern
知识图谱,is_a,语义搜索,文章介绍知识图谱作为关系网络连接信息，代表实体及关系，是语义网络，实现语义搜索和行业应用,0.8,pattern
图谱,implements,行业,文章介绍知识图谱作为关系网络连接信息，代表实体及关系，是语义网络，实现语义搜索和行业应用,0.8,pattern
图谱,implements,语义搜索,文章介绍知识图谱作为关系网络连接信息，代表实体及关系，是语义网络，实现语义搜索和行业应用,0.8,pattern
文章,implements,行业,文章介绍知识图谱作为关系网络连接信息，代表实体及关系，是语义网络，实现语义搜索和行业应用,0.8,pattern
文章,implements,语义搜索,文章介绍知识图谱作为关系网络连接信息，代表实体及关系，是语义网络，实现语义搜索和行业应用,0.8,pattern
关系,implements,行业,文章介绍知识图谱作为关系网络连接信息，代表实体及关系，是语义网络，实现语义搜索和行业应用,0.8,pattern
关系,implements,语义搜索,文章介绍知识图谱作为关系网络连接信息，代表实体及关系，是语义网络，实现语义搜索和行业应用,0.8,pattern
网络连接,implements,行业,文章介绍知识图谱作为关系网络连接信息，代表实体及关系，是语义网络，实现语义搜索和行业应用,0.8,pattern
网络连接,implements,语义搜索,文章介绍知识图谱作为关系网络连接信息，代表实体及关系，是语义网络，实现语义搜索和行业应用,0.8,pattern
信息,implements,行业,文章介绍知识图谱作为关系网络连接信息，代表实体及关系，是语义网络，实现语义搜索和行业应用,0.8,pattern
信息,implements,语义搜索,文章介绍知识图谱作为关系网络连接信息，代表实体及关系，是语义网络，实现语义搜索和行业应用,0.8,pattern
代表,implements,行业,文章介绍知识图谱作为关系网络连接信息，代表实体及关系，是语义网络，实现语义搜索和行业应用,0.8,pattern
代表,implements,语义搜索,文章介绍知识图谱作为关系网络连接信息，代表实体及关系，是语义网络，实现语义搜索和行业应用,0.8,pattern
实体,implements,行业,文章介绍知识图谱作为关系网络连接信息，代表实体及关系，是语义网络，实现语义搜索和行业应用,0.8,pattern
实体,implements,语义搜索,文章介绍知识图谱作为关系网络连接信息，代表实体及关系，是语义网络，实现语义搜索和行业应用,0.8,pattern
语义,implements,行业,文章介绍知识图谱作为关系网络连接信息，代表实体及关系，是语义网络，实现语义搜索和行业应用,0.8,pattern
语义,implements,语义搜索,文章介绍知识图谱作为关系网络连接信息，代表实体及关系，是语义网络，实现语义搜索和行业应用,0.8,pattern
网络,implements,行业,文章介绍知识图谱作为关系网络连接信息，代表实体及关系，是语义网络，实现语义搜索和行业应用,0.8,pattern
网络,implements,语义搜索,文章介绍知识图谱作为关系网络连接信息，代表实体及关系，是语义网络，实现语义搜索和行业应用,0.8,pattern
知识图谱,implements,行业,文章介绍知识图谱作为关系网络连接信息，代表实体及关系，是语义网络，实现语义搜索和行业应用,0.8,pattern
知识图谱,implements,语义搜索,文章介绍知识图谱作为关系网络连接信息，代表实体及关系，是语义网络，实现语义搜索和行业应用,0.8,pattern
语义网,implements,行业,文章介绍知识图谱作为关系网络连接信息，代表实体及关系，是语义网络，实现语义搜索和行业应用,0.8,pattern
语义网,implements,语义搜索,文章介绍知识图谱作为关系网络连接信息，代表实体及关系，是语义网络，实现语义搜索和行业应用,0.8,pattern
语义网络,implements,行业,文章介绍知识图谱作为关系网络连接信息，代表实体及关系，是语义网络，实现语义搜索和行业应用,0.8,pattern
语义网络,implements,语义搜索,文章介绍知识图谱作为关系网络连接信息，代表实体及关系，是语义网络，实现语义搜索和行业应用,0.8,pattern
知识图谱,is_a,关系网络,文章介绍知识图谱作为关系网络连接信息，代表实体及关系，是语义网络。,0.9,openai
知识图谱,includes,实体,文章介绍知识图谱作为关系网络连接信息，代表实体及关系，是语义网络。,0.8,openai
知识图谱,includes,关系,文章介绍知识图谱作为关系网络连接信息，代表实体及关系，是语义网络。,0.8,openai
知识图谱,implements,行业应用,文章介绍知识图谱作为关系网络连接信息，代表实体及关系，是语义网络，实现语义搜索和行业应用。,0.9,openai
知识图谱,composed_of,通用知识图谱,包括通用和行业知识图谱的实现与使用。,0.8,openai
知识图谱,composed_of,行业知识图谱,包括通用和行业知识图谱的实现与使用。,0.8,openai
通用知识图谱,used_for,搜索推荐问答金融社交等场景,讨论通用和行业知识图谱在搜索推荐问答金融社交等场景的应用。,0.9,openai
行业知识图谱,used_for,搜索推荐问答金融社交等场景,讨论通用和行业知识图谱在搜索推荐问答金融社交等场景的应用。,0.9,openai
知识图谱,affects,知识建模,详细描述知识建模抽取融合存储及应用。,0.7,openai
知识图谱,affects,知识抽取,详细描述知识建模抽取融合存储及应用。,0.7,openai
知识图谱,affects,知识融合,详细描述知识建模抽取融合存储及应用。,0.7,openai
知识图谱,affects,知识存储,详细描述知识建模抽取融合存储及应用。,0.7,openai
知识图谱,affects,知识应用,详细描述知识建模抽取融合存储及应用。,0.7,openai
图谱,includes,框架,文章介绍知识图谱可视化基本概念及其在美团的应用，包括unigraph框架设计，涉及交互场景与效果呈现的未来发展方向,0.8,pattern
图谱,includes,设计,文章介绍知识图谱可视化基本概念及其在美团的应用，包括unigraph框架设计，涉及交互场景与效果呈现的未来发展方向,0.8,pattern
图谱,includes,场景,文章介绍知识图谱可视化基本概念及其在美团的应用，包括unigraph框架设计，涉及交互场景与效果呈现的未来发展方向,0.8,pattern
图谱,includes,效果,文章介绍知识图谱可视化基本概念及其在美团的应用，包括unigraph框架设计，涉及交互场景与效果呈现的未来发展方向,0.8,pattern
可视化,includes,框架,文章介绍知识图谱可视化基本概念及其在美团的应用，包括unigraph框架设计，涉及交互场景与效果呈现的未来发展方向,0.8,pattern
可视化,includes,设计,文章介绍知识图谱可视化基本概念及其在美团的应用，包括unigraph框架设计，涉及交互场景与效果呈现的未来发展方向,0.8,pattern
可视化,includes,场景,文章介绍知识图谱可视化基本概念及其在美团的应用，包括unigraph框架设计，涉及交互场景与效果呈现的未来发展方向,0.8,pattern
可视化,includes,效果,文章介绍知识图谱可视化基本概念及其在美团的应用，包括unigraph框架设计，涉及交互场景与效果呈现的未来发展方向,0.8,pattern
美团,includes,框架,文章介绍知识图谱可视化基本概念及其在美团的应用，包括unigraph框架设计，涉及交互场景与效果呈现的未来发展方向,0.8,pattern
美团,includes,设计,文章介绍知识图谱可视化基本概念及其在美团的应用，包括unigraph框架设计，涉及交互场景与效果呈现的未来发展方向,0.8,pattern
美团,includes,场景,文章介绍知识图谱可视化基本概念及其在美团的应用，包括unigraph框架设计，涉及交互场景与效果呈现的未来发展方向,0.8,pattern
美团,includes,效果,文章介绍知识图谱可视化基本概念及其在美团的应用，包括unigraph框架设计，涉及交互场景与效果呈现的未来发展方向,0.8,pattern
文章,includes,框架,文章介绍知识图谱可视化基本概念及其在美团的应用，包括unigraph框架设计，涉及交互场景与效果呈现的未来发展方向,0.8,pattern
文章,includes,设计,文章介绍知识图谱可视化基本概念及其在美团的应用，包括unigraph框架设计，涉及交互场景与效果呈现的未来发展方向,0.8,pattern
文章,includes,场景,文章介绍知识图谱可视化基本概念及其在美团的应用，包括unigraph框架设计，涉及交互场景与效果呈现的未来发展方向,0.8,pattern
文章,includes,效果,文章介绍知识图谱可视化基本概念及其在美团的应用，包括unigraph框架设计，涉及交互场景与效果呈现的未来发展方向,0.8,pattern
知识图谱,includes,框架,文章介绍知识图谱可视化基本概念及其在美团的应用，包括unigraph框架设计，涉及交互场景与效果呈现的未来发展方向,0.8,pattern
知识图谱,includes,设计,文章介绍知识图谱可视化基本概念及其在美团的应用，包括unigraph框架设计，涉及交互场景与效果呈现的未来发展方向,0.8,pattern
知识图谱,includes,场景,文章介绍知识图谱可视化基本概念及其在美团的应用，包括unigraph框架设计，涉及交互场景与效果呈现的未来发展方向,0.8,pattern
知识图谱,includes,效果,文章介绍知识图谱可视化基本概念及其在美团的应用，包括unigraph框架设计，涉及交互场景与效果呈现的未来发展方向,0.8,pattern
图谱可视化,includes,框架,文章介绍知识图谱可视化基本概念及其在美团的应用，包括unigraph框架设计，涉及交互场景与效果呈现的未来发展方向,0.8,pattern
图谱可视化,includes,设计,文章介绍知识图谱可视化基本概念及其在美团的应用，包括unigraph框架设计，涉及交互场景与效果呈现的未来发展方向,0.8,pattern
图谱可视化,includes,场景,文章介绍知识图谱可视化基本概念及其在美团的应用，包括unigraph框架设计，涉及交互场景与效果呈现的未来发展方向,0.8,pattern
图谱可视化,includes,效果,文章介绍知识图谱可视化基本概念及其在美团的应用，包括unigraph框架设计，涉及交互场景与效果呈现的未来发展方向,0.8,pattern
框架,supports,业务,js创建unigraph框架，解决布局策略视觉降噪交互功能等挑战，支持业务应用,0.8,pattern
布局,supports,业务,js创建unigraph框架，解决布局策略视觉降噪交互功能等挑战，支持业务应用,0.8,pattern
策略,supports,业务,js创建unigraph框架，解决布局策略视觉降噪交互功能等挑战，支持业务应用,0.8,pattern
视觉,supports,业务,js创建unigraph框架，解决布局策略视觉降噪交互功能等挑战，支持业务应用,0.8,pattern
功能,supports,业务,js创建unigraph框架，解决布局策略视觉降噪交互功能等挑战，支持业务应用,0.8,pattern
挑战,supports,业务,js创建unigraph框架，解决布局策略视觉降噪交互功能等挑战，支持业务应用,0.8,pattern
知识图谱,used_for,可视化技术,知识图谱可视化技术在美团的实践与探索.,0.9,openai
D3.js,used_for,创建unigraph框架,探讨美团知识图谱可视化技术，利用D3.js创建unigraph框架，解决布局策略视觉降噪交互功能等挑战，支持业务应用.,0.8,openai
unigraph框架,composed_of,D3.js,探讨美团知识图谱可视化技术，利用D3.js创建unigraph框架，解决布局策略视觉降噪交互功能等挑战，支持业务应用.,0.8,openai
知识图谱可视化,defined_as,基本概念,文章介绍知识图谱可视化基本概念及其在美团的应用，包括unigraph框架设计，涉及交互场景与效果呈现的未来发展方向.,0.9,openai
unigraph框架,designed_as,交互场景与效果呈现的未来发展方向,文章介绍知识图谱可视化基本概念及其在美团的应用，包括unigraph框架设计，涉及交互场景与效果呈现的未来发展方向.,0.8,openai
阿里云文,includes,银行,阿里云文档提供了知识图谱概念及应用场景，包括银行反欺诈和社交网络关系分析等,0.8,pattern
阿里云文,includes,欺诈,阿里云文档提供了知识图谱概念及应用场景，包括银行反欺诈和社交网络关系分析等,0.8,pattern
阿里云文,includes,社交,阿里云文档提供了知识图谱概念及应用场景，包括银行反欺诈和社交网络关系分析等,0.8,pattern
阿里云文,includes,网络,阿里云文档提供了知识图谱概念及应用场景，包括银行反欺诈和社交网络关系分析等,0.8,pattern
阿里云文,includes,关系,阿里云文档提供了知识图谱概念及应用场景，包括银行反欺诈和社交网络关系分析等,0.8,pattern
阿里云文,includes,分析,阿里云文档提供了知识图谱概念及应用场景，包括银行反欺诈和社交网络关系分析等,0.8,pattern
图谱,includes,银行,阿里云文档提供了知识图谱概念及应用场景，包括银行反欺诈和社交网络关系分析等,0.8,pattern
图谱,includes,欺诈,阿里云文档提供了知识图谱概念及应用场景，包括银行反欺诈和社交网络关系分析等,0.8,pattern
图谱,includes,社交,阿里云文档提供了知识图谱概念及应用场景，包括银行反欺诈和社交网络关系分析等,0.8,pattern
图谱,includes,网络,阿里云文档提供了知识图谱概念及应用场景，包括银行反欺诈和社交网络关系分析等,0.8,pattern
图谱,includes,关系,阿里云文档提供了知识图谱概念及应用场景，包括银行反欺诈和社交网络关系分析等,0.8,pattern
图谱,includes,分析,阿里云文档提供了知识图谱概念及应用场景，包括银行反欺诈和社交网络关系分析等,0.8,pattern
场景,includes,银行,阿里云文档提供了知识图谱概念及应用场景，包括银行反欺诈和社交网络关系分析等,0.8,pattern
场景,includes,欺诈,阿里云文档提供了知识图谱概念及应用场景，包括银行反欺诈和社交网络关系分析等,0.8,pattern
场景,includes,社交,阿里云文档提供了知识图谱概念及应用场景，包括银行反欺诈和社交网络关系分析等,0.8,pattern
场景,includes,网络,阿里云文档提供了知识图谱概念及应用场景，包括银行反欺诈和社交网络关系分析等,0.8,pattern
场景,includes,关系,阿里云文档提供了知识图谱概念及应用场景，包括银行反欺诈和社交网络关系分析等,0.8,pattern
场景,includes,分析,阿里云文档提供了知识图谱概念及应用场景，包括银行反欺诈和社交网络关系分析等,0.8,pattern
文档,includes,银行,阿里云文档提供了知识图谱概念及应用场景，包括银行反欺诈和社交网络关系分析等,0.8,pattern
文档,includes,欺诈,阿里云文档提供了知识图谱概念及应用场景，包括银行反欺诈和社交网络关系分析等,0.8,pattern
文档,includes,社交,阿里云文档提供了知识图谱概念及应用场景，包括银行反欺诈和社交网络关系分析等,0.8,pattern
文档,includes,网络,阿里云文档提供了知识图谱概念及应用场景，包括银行反欺诈和社交网络关系分析等,0.8,pattern
文档,includes,关系,阿里云文档提供了知识图谱概念及应用场景，包括银行反欺诈和社交网络关系分析等,0.8,pattern
文档,includes,分析,阿里云文档提供了知识图谱概念及应用场景，包括银行反欺诈和社交网络关系分析等,0.8,pattern
概念,includes,银行,阿里云文档提供了知识图谱概念及应用场景，包括银行反欺诈和社交网络关系分析等,0.8,pattern
概念,includes,欺诈,阿里云文档提供了知识图谱概念及应用场景，包括银行反欺诈和社交网络关系分析等,0.8,pattern
概念,includes,社交,阿里云文档提供了知识图谱概念及应用场景，包括银行反欺诈和社交网络关系分析等,0.8,pattern
概念,includes,网络,阿里云文档提供了知识图谱概念及应用场景，包括银行反欺诈和社交网络关系分析等,0.8,pattern
概念,includes,关系,阿里云文档提供了知识图谱概念及应用场景，包括银行反欺诈和社交网络关系分析等,0.8,pattern
概念,includes,分析,阿里云文档提供了知识图谱概念及应用场景，包括银行反欺诈和社交网络关系分析等,0.8,pattern
知识图谱,includes,银行,阿里云文档提供了知识图谱概念及应用场景，包括银行反欺诈和社交网络关系分析等,0.8,pattern
知识图谱,includes,欺诈,阿里云文档提供了知识图谱概念及应用场景，包括银行反欺诈和社交网络关系分析等,0.8,pattern
知识图谱,includes,社交,阿里云文档提供了知识图谱概念及应用场景，包括银行反欺诈和社交网络关系分析等,0.8,pattern
知识图谱,includes,网络,阿里云文档提供了知识图谱概念及应用场景，包括银行反欺诈和社交网络关系分析等,0.8,pattern
知识图谱,includes,分析,阿里云文档提供了知识图谱概念及应用场景，包括银行反欺诈和社交网络关系分析等,0.8,pattern
阿里云文,provides,知识图谱概念及应用场景,阿里云文档提供了知识图谱概念及应用场景，包括银行反欺诈和社交网络关系分析等。,0.9,openai
知识图谱概念及应用场景,includes,银行反欺诈,阿里云文档提供了知识图谱概念及应用场景，包括银行反欺诈和社交网络关系分析等。,0.9,openai
知识图谱概念及应用场景,includes,社交网络关系分析,阿里云文档提供了知识图谱概念及应用场景，包括银行反欺诈和社交网络关系分析等。,0.9,openai
介绍知识图谱理论,includes,银行金融中的欺诈检测,介绍知识图谱理论，列出应用案例，如银行金融中的欺诈检测社交网络关系分析。,0.9,openai
介绍知识图谱理论,includes,社交网络关系分析,介绍知识图谱理论，列出应用案例，如银行金融中的欺诈检测社交网络关系分析。,0.9,openai
知识图谱,provides,答案,展示知识图谱如何通过从数据中抽取信息直接提供答案。,0.9,openai
Knowledge Graph,defined_as,结构数据类型架构及行业应用,博客解释知识图谱定义结构数据类型架构及行业应用,0.9,openai
Knowledge Graph,related_to,初学者,适用于对知识图谱感兴趣的初学者,0.9,openai
Knowledge Graph,related_to,知识图谱构建,讨论知识图谱构建逻辑架构技术架构信息抽取及知识处理,0.9,openai
Knowledge Graph,related_to,本体构建推理和质量测评,涉及本体构建推理和质量测评,0.9,openai
图谱,composed_of,图形,知识图谱体现实体及其关系的网络，由图形数据库驱动,0.8,pattern
图谱,composed_of,数据库,知识图谱体现实体及其关系的网络，由图形数据库驱动,0.8,pattern
图谱,composed_of,驱动,知识图谱体现实体及其关系的网络，由图形数据库驱动,0.8,pattern
实体,composed_of,图形,知识图谱体现实体及其关系的网络，由图形数据库驱动,0.8,pattern
实体,composed_of,数据库,知识图谱体现实体及其关系的网络，由图形数据库驱动,0.8,pattern
实体,composed_of,驱动,知识图谱体现实体及其关系的网络，由图形数据库驱动,0.8,pattern
关系,composed_of,图形,知识图谱体现实体及其关系的网络，由图形数据库驱动,0.8,pattern
关系,composed_of,数据库,知识图谱体现实体及其关系的网络，由图形数据库驱动,0.8,pattern
关系,composed_of,驱动,知识图谱体现实体及其关系的网络，由图形数据库驱动,0.8,pattern
网络,composed_of,图形,知识图谱体现实体及其关系的网络，由图形数据库驱动,0.8,pattern
网络,composed_of,数据库,知识图谱体现实体及其关系的网络，由图形数据库驱动,0.8,pattern
网络,composed_of,驱动,知识图谱体现实体及其关系的网络，由图形数据库驱动,0.8,pattern
知识图谱,composed_of,图形,知识图谱体现实体及其关系的网络，由图形数据库驱动,0.8,pattern
知识图谱,composed_of,数据库,知识图谱体现实体及其关系的网络，由图形数据库驱动,0.8,pattern
知识图谱,composed_of,驱动,知识图谱体现实体及其关系的网络，由图形数据库驱动,0.8,pattern
图谱,used_for,零售,描述知识图谱用以表现实体与关系，通过机器学习及自然语言处理识别对象和关系，应用于零售娱乐金融医疗等领域,0.8,pattern
图谱,used_for,娱乐,描述知识图谱用以表现实体与关系，通过机器学习及自然语言处理识别对象和关系，应用于零售娱乐金融医疗等领域,0.8,pattern
图谱,used_for,金融,描述知识图谱用以表现实体与关系，通过机器学习及自然语言处理识别对象和关系，应用于零售娱乐金融医疗等领域,0.8,pattern
图谱,used_for,医疗,描述知识图谱用以表现实体与关系，通过机器学习及自然语言处理识别对象和关系，应用于零售娱乐金融医疗等领域,0.8,pattern
图谱,used_for,领域,描述知识图谱用以表现实体与关系，通过机器学习及自然语言处理识别对象和关系，应用于零售娱乐金融医疗等领域,0.8,pattern
实体,used_for,零售,描述知识图谱用以表现实体与关系，通过机器学习及自然语言处理识别对象和关系，应用于零售娱乐金融医疗等领域,0.8,pattern
实体,used_for,娱乐,描述知识图谱用以表现实体与关系，通过机器学习及自然语言处理识别对象和关系，应用于零售娱乐金融医疗等领域,0.8,pattern
实体,used_for,金融,描述知识图谱用以表现实体与关系，通过机器学习及自然语言处理识别对象和关系，应用于零售娱乐金融医疗等领域,0.8,pattern
实体,used_for,医疗,描述知识图谱用以表现实体与关系，通过机器学习及自然语言处理识别对象和关系，应用于零售娱乐金融医疗等领域,0.8,pattern
实体,used_for,领域,描述知识图谱用以表现实体与关系，通过机器学习及自然语言处理识别对象和关系，应用于零售娱乐金融医疗等领域,0.8,pattern
关系,used_for,零售,描述知识图谱用以表现实体与关系，通过机器学习及自然语言处理识别对象和关系，应用于零售娱乐金融医疗等领域,0.8,pattern
关系,used_for,娱乐,描述知识图谱用以表现实体与关系，通过机器学习及自然语言处理识别对象和关系，应用于零售娱乐金融医疗等领域,0.8,pattern
关系,used_for,金融,描述知识图谱用以表现实体与关系，通过机器学习及自然语言处理识别对象和关系，应用于零售娱乐金融医疗等领域,0.8,pattern
关系,used_for,医疗,描述知识图谱用以表现实体与关系，通过机器学习及自然语言处理识别对象和关系，应用于零售娱乐金融医疗等领域,0.8,pattern
关系,used_for,领域,描述知识图谱用以表现实体与关系，通过机器学习及自然语言处理识别对象和关系，应用于零售娱乐金融医疗等领域,0.8,pattern
机器,used_for,零售,描述知识图谱用以表现实体与关系，通过机器学习及自然语言处理识别对象和关系，应用于零售娱乐金融医疗等领域,0.8,pattern
机器,used_for,娱乐,描述知识图谱用以表现实体与关系，通过机器学习及自然语言处理识别对象和关系，应用于零售娱乐金融医疗等领域,0.8,pattern
机器,used_for,金融,描述知识图谱用以表现实体与关系，通过机器学习及自然语言处理识别对象和关系，应用于零售娱乐金融医疗等领域,0.8,pattern
机器,used_for,医疗,描述知识图谱用以表现实体与关系，通过机器学习及自然语言处理识别对象和关系，应用于零售娱乐金融医疗等领域,0.8,pattern
机器,used_for,领域,描述知识图谱用以表现实体与关系，通过机器学习及自然语言处理识别对象和关系，应用于零售娱乐金融医疗等领域,0.8,pattern
对象,used_for,零售,描述知识图谱用以表现实体与关系，通过机器学习及自然语言处理识别对象和关系，应用于零售娱乐金融医疗等领域,0.8,pattern
对象,used_for,娱乐,描述知识图谱用以表现实体与关系，通过机器学习及自然语言处理识别对象和关系，应用于零售娱乐金融医疗等领域,0.8,pattern
对象,used_for,金融,描述知识图谱用以表现实体与关系，通过机器学习及自然语言处理识别对象和关系，应用于零售娱乐金融医疗等领域,0.8,pattern
对象,used_for,医疗,描述知识图谱用以表现实体与关系，通过机器学习及自然语言处理识别对象和关系，应用于零售娱乐金融医疗等领域,0.8,pattern
对象,used_for,领域,描述知识图谱用以表现实体与关系，通过机器学习及自然语言处理识别对象和关系，应用于零售娱乐金融医疗等领域,0.8,pattern
知识图谱,used_for,零售,描述知识图谱用以表现实体与关系，通过机器学习及自然语言处理识别对象和关系，应用于零售娱乐金融医疗等领域,0.8,pattern
知识图谱,used_for,娱乐,描述知识图谱用以表现实体与关系，通过机器学习及自然语言处理识别对象和关系，应用于零售娱乐金融医疗等领域,0.8,pattern
知识图谱,used_for,金融,描述知识图谱用以表现实体与关系，通过机器学习及自然语言处理识别对象和关系，应用于零售娱乐金融医疗等领域,0.8,pattern
知识图谱,used_for,医疗,描述知识图谱用以表现实体与关系，通过机器学习及自然语言处理识别对象和关系，应用于零售娱乐金融医疗等领域,0.8,pattern
知识图谱,used_for,领域,描述知识图谱用以表现实体与关系，通过机器学习及自然语言处理识别对象和关系，应用于零售娱乐金融医疗等领域,0.8,pattern
机器学习,used_for,零售,描述知识图谱用以表现实体与关系，通过机器学习及自然语言处理识别对象和关系，应用于零售娱乐金融医疗等领域,0.8,pattern
机器学习,used_for,娱乐,描述知识图谱用以表现实体与关系，通过机器学习及自然语言处理识别对象和关系，应用于零售娱乐金融医疗等领域,0.8,pattern
机器学习,used_for,金融,描述知识图谱用以表现实体与关系，通过机器学习及自然语言处理识别对象和关系，应用于零售娱乐金融医疗等领域,0.8,pattern
机器学习,used_for,医疗,描述知识图谱用以表现实体与关系，通过机器学习及自然语言处理识别对象和关系，应用于零售娱乐金融医疗等领域,0.8,pattern
机器学习,used_for,领域,描述知识图谱用以表现实体与关系，通过机器学习及自然语言处理识别对象和关系，应用于零售娱乐金融医疗等领域,0.8,pattern
自然语言处理,used_for,零售,描述知识图谱用以表现实体与关系，通过机器学习及自然语言处理识别对象和关系，应用于零售娱乐金融医疗等领域,0.8,pattern
自然语言处理,used_for,娱乐,描述知识图谱用以表现实体与关系，通过机器学习及自然语言处理识别对象和关系，应用于零售娱乐金融医疗等领域,0.8,pattern
自然语言处理,used_for,金融,描述知识图谱用以表现实体与关系，通过机器学习及自然语言处理识别对象和关系，应用于零售娱乐金融医疗等领域,0.8,pattern
自然语言处理,used_for,医疗,描述知识图谱用以表现实体与关系，通过机器学习及自然语言处理识别对象和关系，应用于零售娱乐金融医疗等领域,0.8,pattern
自然语言处理,used_for,领域,描述知识图谱用以表现实体与关系，通过机器学习及自然语言处理识别对象和关系，应用于零售娱乐金融医疗等领域,0.8,pattern
图谱,applied_to,零售,描述知识图谱用以表现实体与关系，通过机器学习及自然语言处理识别对象和关系，应用于零售娱乐金融医疗等领域,0.8,pattern
图谱,applied_to,娱乐,描述知识图谱用以表现实体与关系，通过机器学习及自然语言处理识别对象和关系，应用于零售娱乐金融医疗等领域,0.8,pattern
图谱,applied_to,金融,描述知识图谱用以表现实体与关系，通过机器学习及自然语言处理识别对象和关系，应用于零售娱乐金融医疗等领域,0.8,pattern
图谱,applied_to,医疗,描述知识图谱用以表现实体与关系，通过机器学习及自然语言处理识别对象和关系，应用于零售娱乐金融医疗等领域,0.8,pattern
图谱,applied_to,领域,描述知识图谱用以表现实体与关系，通过机器学习及自然语言处理识别对象和关系，应用于零售娱乐金融医疗等领域,0.8,pattern
实体,applied_to,零售,描述知识图谱用以表现实体与关系，通过机器学习及自然语言处理识别对象和关系，应用于零售娱乐金融医疗等领域,0.8,pattern
实体,applied_to,娱乐,描述知识图谱用以表现实体与关系，通过机器学习及自然语言处理识别对象和关系，应用于零售娱乐金融医疗等领域,0.8,pattern
实体,applied_to,金融,描述知识图谱用以表现实体与关系，通过机器学习及自然语言处理识别对象和关系，应用于零售娱乐金融医疗等领域,0.8,pattern
实体,applied_to,医疗,描述知识图谱用以表现实体与关系，通过机器学习及自然语言处理识别对象和关系，应用于零售娱乐金融医疗等领域,0.8,pattern
实体,applied_to,领域,描述知识图谱用以表现实体与关系，通过机器学习及自然语言处理识别对象和关系，应用于零售娱乐金融医疗等领域,0.8,pattern
关系,applied_to,零售,描述知识图谱用以表现实体与关系，通过机器学习及自然语言处理识别对象和关系，应用于零售娱乐金融医疗等领域,0.8,pattern
关系,applied_to,娱乐,描述知识图谱用以表现实体与关系，通过机器学习及自然语言处理识别对象和关系，应用于零售娱乐金融医疗等领域,0.8,pattern
关系,applied_to,金融,描述知识图谱用以表现实体与关系，通过机器学习及自然语言处理识别对象和关系，应用于零售娱乐金融医疗等领域,0.8,pattern
关系,applied_to,医疗,描述知识图谱用以表现实体与关系，通过机器学习及自然语言处理识别对象和关系，应用于零售娱乐金融医疗等领域,0.8,pattern
关系,applied_to,领域,描述知识图谱用以表现实体与关系，通过机器学习及自然语言处理识别对象和关系，应用于零售娱乐金融医疗等领域,0.8,pattern
机器,applied_to,零售,描述知识图谱用以表现实体与关系，通过机器学习及自然语言处理识别对象和关系，应用于零售娱乐金融医疗等领域,0.8,pattern
机器,applied_to,娱乐,描述知识图谱用以表现实体与关系，通过机器学习及自然语言处理识别对象和关系，应用于零售娱乐金融医疗等领域,0.8,pattern
机器,applied_to,金融,描述知识图谱用以表现实体与关系，通过机器学习及自然语言处理识别对象和关系，应用于零售娱乐金融医疗等领域,0.8,pattern
机器,applied_to,医疗,描述知识图谱用以表现实体与关系，通过机器学习及自然语言处理识别对象和关系，应用于零售娱乐金融医疗等领域,0.8,pattern
机器,applied_to,领域,描述知识图谱用以表现实体与关系，通过机器学习及自然语言处理识别对象和关系，应用于零售娱乐金融医疗等领域,0.8,pattern
对象,applied_to,零售,描述知识图谱用以表现实体与关系，通过机器学习及自然语言处理识别对象和关系，应用于零售娱乐金融医疗等领域,0.8,pattern
对象,applied_to,娱乐,描述知识图谱用以表现实体与关系，通过机器学习及自然语言处理识别对象和关系，应用于零售娱乐金融医疗等领域,0.8,pattern
对象,applied_to,金融,描述知识图谱用以表现实体与关系，通过机器学习及自然语言处理识别对象和关系，应用于零售娱乐金融医疗等领域,0.8,pattern
对象,applied_to,医疗,描述知识图谱用以表现实体与关系，通过机器学习及自然语言处理识别对象和关系，应用于零售娱乐金融医疗等领域,0.8,pattern
对象,applied_to,领域,描述知识图谱用以表现实体与关系，通过机器学习及自然语言处理识别对象和关系，应用于零售娱乐金融医疗等领域,0.8,pattern
知识图谱,applied_to,零售,描述知识图谱用以表现实体与关系，通过机器学习及自然语言处理识别对象和关系，应用于零售娱乐金融医疗等领域,0.8,pattern
知识图谱,applied_to,娱乐,描述知识图谱用以表现实体与关系，通过机器学习及自然语言处理识别对象和关系，应用于零售娱乐金融医疗等领域,0.8,pattern
知识图谱,applied_to,金融,描述知识图谱用以表现实体与关系，通过机器学习及自然语言处理识别对象和关系，应用于零售娱乐金融医疗等领域,0.8,pattern
知识图谱,applied_to,医疗,描述知识图谱用以表现实体与关系，通过机器学习及自然语言处理识别对象和关系，应用于零售娱乐金融医疗等领域,0.8,pattern
知识图谱,applied_to,领域,描述知识图谱用以表现实体与关系，通过机器学习及自然语言处理识别对象和关系，应用于零售娱乐金融医疗等领域,0.8,pattern
机器学习,applied_to,零售,描述知识图谱用以表现实体与关系，通过机器学习及自然语言处理识别对象和关系，应用于零售娱乐金融医疗等领域,0.8,pattern
机器学习,applied_to,娱乐,描述知识图谱用以表现实体与关系，通过机器学习及自然语言处理识别对象和关系，应用于零售娱乐金融医疗等领域,0.8,pattern
机器学习,applied_to,金融,描述知识图谱用以表现实体与关系，通过机器学习及自然语言处理识别对象和关系，应用于零售娱乐金融医疗等领域,0.8,pattern
机器学习,applied_to,医疗,描述知识图谱用以表现实体与关系，通过机器学习及自然语言处理识别对象和关系，应用于零售娱乐金融医疗等领域,0.8,pattern
机器学习,applied_to,领域,描述知识图谱用以表现实体与关系，通过机器学习及自然语言处理识别对象和关系，应用于零售娱乐金融医疗等领域,0.8,pattern
自然语言处理,applied_to,零售,描述知识图谱用以表现实体与关系，通过机器学习及自然语言处理识别对象和关系，应用于零售娱乐金融医疗等领域,0.8,pattern
自然语言处理,applied_to,娱乐,描述知识图谱用以表现实体与关系，通过机器学习及自然语言处理识别对象和关系，应用于零售娱乐金融医疗等领域,0.8,pattern
自然语言处理,applied_to,金融,描述知识图谱用以表现实体与关系，通过机器学习及自然语言处理识别对象和关系，应用于零售娱乐金融医疗等领域,0.8,pattern
自然语言处理,applied_to,医疗,描述知识图谱用以表现实体与关系，通过机器学习及自然语言处理识别对象和关系，应用于零售娱乐金融医疗等领域,0.8,pattern
自然语言处理,applied_to,领域,描述知识图谱用以表现实体与关系，通过机器学习及自然语言处理识别对象和关系，应用于零售娱乐金融医疗等领域,0.8,pattern
知识图谱,is_a,网络,知识图谱体现实体及其关系的网络，由图形数据库驱动。,0.9,openai
知识图谱,based_on,图形数据库,知识图谱体现实体及其关系的网络，由图形数据库驱动。,0.8,openai
知识图谱,used_for,表现实体与关系,描述知识图谱用以表现实体与关系，通过机器学习及自然语言处理识别对象和关系。,0.85,openai
知识图谱,applied_to,零售娱乐金融医疗等领域,应用于零售娱乐金融医疗等领域。,0.8,openai
IBM,provides,组成原理及应用探讨,IBM提供了其组成原理及应用探讨。,0.9,openai
图谱,used_for,智能化,知识图谱结合多学科方法展示学科核心结构，揭示动态发展，应用于智能化文本分析监控和风险控制等,0.8,pattern
图谱,used_for,文本,知识图谱结合多学科方法展示学科核心结构，揭示动态发展，应用于智能化文本分析监控和风险控制等,0.8,pattern
图谱,used_for,分析,知识图谱结合多学科方法展示学科核心结构，揭示动态发展，应用于智能化文本分析监控和风险控制等,0.8,pattern
图谱,used_for,监控,知识图谱结合多学科方法展示学科核心结构，揭示动态发展，应用于智能化文本分析监控和风险控制等,0.8,pattern
图谱,used_for,风险,知识图谱结合多学科方法展示学科核心结构，揭示动态发展，应用于智能化文本分析监控和风险控制等,0.8,pattern
学科,used_for,智能化,知识图谱结合多学科方法展示学科核心结构，揭示动态发展，应用于智能化文本分析监控和风险控制等,0.8,pattern
学科,used_for,文本,知识图谱结合多学科方法展示学科核心结构，揭示动态发展，应用于智能化文本分析监控和风险控制等,0.8,pattern
学科,used_for,分析,知识图谱结合多学科方法展示学科核心结构，揭示动态发展，应用于智能化文本分析监控和风险控制等,0.8,pattern
学科,used_for,监控,知识图谱结合多学科方法展示学科核心结构，揭示动态发展，应用于智能化文本分析监控和风险控制等,0.8,pattern
学科,used_for,风险,知识图谱结合多学科方法展示学科核心结构，揭示动态发展，应用于智能化文本分析监控和风险控制等,0.8,pattern
动态,used_for,智能化,知识图谱结合多学科方法展示学科核心结构，揭示动态发展，应用于智能化文本分析监控和风险控制等,0.8,pattern
动态,used_for,文本,知识图谱结合多学科方法展示学科核心结构，揭示动态发展，应用于智能化文本分析监控和风险控制等,0.8,pattern
动态,used_for,分析,知识图谱结合多学科方法展示学科核心结构，揭示动态发展，应用于智能化文本分析监控和风险控制等,0.8,pattern
动态,used_for,监控,知识图谱结合多学科方法展示学科核心结构，揭示动态发展，应用于智能化文本分析监控和风险控制等,0.8,pattern
动态,used_for,风险,知识图谱结合多学科方法展示学科核心结构，揭示动态发展，应用于智能化文本分析监控和风险控制等,0.8,pattern
方法,used_for,智能化,知识图谱结合多学科方法展示学科核心结构，揭示动态发展，应用于智能化文本分析监控和风险控制等,0.8,pattern
方法,used_for,文本,知识图谱结合多学科方法展示学科核心结构，揭示动态发展，应用于智能化文本分析监控和风险控制等,0.8,pattern
方法,used_for,分析,知识图谱结合多学科方法展示学科核心结构，揭示动态发展，应用于智能化文本分析监控和风险控制等,0.8,pattern
方法,used_for,监控,知识图谱结合多学科方法展示学科核心结构，揭示动态发展，应用于智能化文本分析监控和风险控制等,0.8,pattern
方法,used_for,风险,知识图谱结合多学科方法展示学科核心结构，揭示动态发展，应用于智能化文本分析监控和风险控制等,0.8,pattern
核心,used_for,智能化,知识图谱结合多学科方法展示学科核心结构，揭示动态发展，应用于智能化文本分析监控和风险控制等,0.8,pattern
核心,used_for,文本,知识图谱结合多学科方法展示学科核心结构，揭示动态发展，应用于智能化文本分析监控和风险控制等,0.8,pattern
核心,used_for,分析,知识图谱结合多学科方法展示学科核心结构，揭示动态发展，应用于智能化文本分析监控和风险控制等,0.8,pattern
核心,used_for,监控,知识图谱结合多学科方法展示学科核心结构，揭示动态发展，应用于智能化文本分析监控和风险控制等,0.8,pattern
核心,used_for,风险,知识图谱结合多学科方法展示学科核心结构，揭示动态发展，应用于智能化文本分析监控和风险控制等,0.8,pattern
结构,used_for,智能化,知识图谱结合多学科方法展示学科核心结构，揭示动态发展，应用于智能化文本分析监控和风险控制等,0.8,pattern
结构,used_for,文本,知识图谱结合多学科方法展示学科核心结构，揭示动态发展，应用于智能化文本分析监控和风险控制等,0.8,pattern
结构,used_for,分析,知识图谱结合多学科方法展示学科核心结构，揭示动态发展，应用于智能化文本分析监控和风险控制等,0.8,pattern
结构,used_for,监控,知识图谱结合多学科方法展示学科核心结构，揭示动态发展，应用于智能化文本分析监控和风险控制等,0.8,pattern
结构,used_for,风险,知识图谱结合多学科方法展示学科核心结构，揭示动态发展，应用于智能化文本分析监控和风险控制等,0.8,pattern
发展,used_for,智能化,知识图谱结合多学科方法展示学科核心结构，揭示动态发展，应用于智能化文本分析监控和风险控制等,0.8,pattern
发展,used_for,文本,知识图谱结合多学科方法展示学科核心结构，揭示动态发展，应用于智能化文本分析监控和风险控制等,0.8,pattern
发展,used_for,分析,知识图谱结合多学科方法展示学科核心结构，揭示动态发展，应用于智能化文本分析监控和风险控制等,0.8,pattern
发展,used_for,监控,知识图谱结合多学科方法展示学科核心结构，揭示动态发展，应用于智能化文本分析监控和风险控制等,0.8,pattern
发展,used_for,风险,知识图谱结合多学科方法展示学科核心结构，揭示动态发展，应用于智能化文本分析监控和风险控制等,0.8,pattern
知识图谱,used_for,智能化,知识图谱结合多学科方法展示学科核心结构，揭示动态发展，应用于智能化文本分析监控和风险控制等,0.8,pattern
知识图谱,used_for,文本,知识图谱结合多学科方法展示学科核心结构，揭示动态发展，应用于智能化文本分析监控和风险控制等,0.8,pattern
知识图谱,used_for,分析,知识图谱结合多学科方法展示学科核心结构，揭示动态发展，应用于智能化文本分析监控和风险控制等,0.8,pattern
知识图谱,used_for,监控,知识图谱结合多学科方法展示学科核心结构，揭示动态发展，应用于智能化文本分析监控和风险控制等,0.8,pattern
知识图谱,used_for,风险,知识图谱结合多学科方法展示学科核心结构，揭示动态发展，应用于智能化文本分析监控和风险控制等,0.8,pattern
图谱,applied_to,智能化,知识图谱结合多学科方法展示学科核心结构，揭示动态发展，应用于智能化文本分析监控和风险控制等,0.8,pattern
图谱,applied_to,文本,知识图谱结合多学科方法展示学科核心结构，揭示动态发展，应用于智能化文本分析监控和风险控制等,0.8,pattern
图谱,applied_to,分析,知识图谱结合多学科方法展示学科核心结构，揭示动态发展，应用于智能化文本分析监控和风险控制等,0.8,pattern
图谱,applied_to,监控,知识图谱结合多学科方法展示学科核心结构，揭示动态发展，应用于智能化文本分析监控和风险控制等,0.8,pattern
图谱,applied_to,风险,知识图谱结合多学科方法展示学科核心结构，揭示动态发展，应用于智能化文本分析监控和风险控制等,0.8,pattern
学科,applied_to,智能化,知识图谱结合多学科方法展示学科核心结构，揭示动态发展，应用于智能化文本分析监控和风险控制等,0.8,pattern
学科,applied_to,文本,知识图谱结合多学科方法展示学科核心结构，揭示动态发展，应用于智能化文本分析监控和风险控制等,0.8,pattern
学科,applied_to,分析,知识图谱结合多学科方法展示学科核心结构，揭示动态发展，应用于智能化文本分析监控和风险控制等,0.8,pattern
学科,applied_to,监控,知识图谱结合多学科方法展示学科核心结构，揭示动态发展，应用于智能化文本分析监控和风险控制等,0.8,pattern
学科,applied_to,风险,知识图谱结合多学科方法展示学科核心结构，揭示动态发展，应用于智能化文本分析监控和风险控制等,0.8,pattern
动态,applied_to,智能化,知识图谱结合多学科方法展示学科核心结构，揭示动态发展，应用于智能化文本分析监控和风险控制等,0.8,pattern
动态,applied_to,文本,知识图谱结合多学科方法展示学科核心结构，揭示动态发展，应用于智能化文本分析监控和风险控制等,0.8,pattern
动态,applied_to,分析,知识图谱结合多学科方法展示学科核心结构，揭示动态发展，应用于智能化文本分析监控和风险控制等,0.8,pattern
动态,applied_to,监控,知识图谱结合多学科方法展示学科核心结构，揭示动态发展，应用于智能化文本分析监控和风险控制等,0.8,pattern
动态,applied_to,风险,知识图谱结合多学科方法展示学科核心结构，揭示动态发展，应用于智能化文本分析监控和风险控制等,0.8,pattern
方法,applied_to,智能化,知识图谱结合多学科方法展示学科核心结构，揭示动态发展，应用于智能化文本分析监控和风险控制等,0.8,pattern
方法,applied_to,文本,知识图谱结合多学科方法展示学科核心结构，揭示动态发展，应用于智能化文本分析监控和风险控制等,0.8,pattern
方法,applied_to,分析,知识图谱结合多学科方法展示学科核心结构，揭示动态发展，应用于智能化文本分析监控和风险控制等,0.8,pattern
方法,applied_to,监控,知识图谱结合多学科方法展示学科核心结构，揭示动态发展，应用于智能化文本分析监控和风险控制等,0.8,pattern
方法,applied_to,风险,知识图谱结合多学科方法展示学科核心结构，揭示动态发展，应用于智能化文本分析监控和风险控制等,0.8,pattern
核心,applied_to,智能化,知识图谱结合多学科方法展示学科核心结构，揭示动态发展，应用于智能化文本分析监控和风险控制等,0.8,pattern
核心,applied_to,文本,知识图谱结合多学科方法展示学科核心结构，揭示动态发展，应用于智能化文本分析监控和风险控制等,0.8,pattern
核心,applied_to,分析,知识图谱结合多学科方法展示学科核心结构，揭示动态发展，应用于智能化文本分析监控和风险控制等,0.8,pattern
核心,applied_to,监控,知识图谱结合多学科方法展示学科核心结构，揭示动态发展，应用于智能化文本分析监控和风险控制等,0.8,pattern
核心,applied_to,风险,知识图谱结合多学科方法展示学科核心结构，揭示动态发展，应用于智能化文本分析监控和风险控制等,0.8,pattern
结构,applied_to,智能化,知识图谱结合多学科方法展示学科核心结构，揭示动态发展，应用于智能化文本分析监控和风险控制等,0.8,pattern
结构,applied_to,文本,知识图谱结合多学科方法展示学科核心结构，揭示动态发展，应用于智能化文本分析监控和风险控制等,0.8,pattern
结构,applied_to,分析,知识图谱结合多学科方法展示学科核心结构，揭示动态发展，应用于智能化文本分析监控和风险控制等,0.8,pattern
结构,applied_to,监控,知识图谱结合多学科方法展示学科核心结构，揭示动态发展，应用于智能化文本分析监控和风险控制等,0.8,pattern
结构,applied_to,风险,知识图谱结合多学科方法展示学科核心结构，揭示动态发展，应用于智能化文本分析监控和风险控制等,0.8,pattern
发展,applied_to,智能化,知识图谱结合多学科方法展示学科核心结构，揭示动态发展，应用于智能化文本分析监控和风险控制等,0.8,pattern
发展,applied_to,文本,知识图谱结合多学科方法展示学科核心结构，揭示动态发展，应用于智能化文本分析监控和风险控制等,0.8,pattern
发展,applied_to,分析,知识图谱结合多学科方法展示学科核心结构，揭示动态发展，应用于智能化文本分析监控和风险控制等,0.8,pattern
发展,applied_to,监控,知识图谱结合多学科方法展示学科核心结构，揭示动态发展，应用于智能化文本分析监控和风险控制等,0.8,pattern
发展,applied_to,风险,知识图谱结合多学科方法展示学科核心结构，揭示动态发展，应用于智能化文本分析监控和风险控制等,0.8,pattern
知识图谱,applied_to,智能化,知识图谱结合多学科方法展示学科核心结构，揭示动态发展，应用于智能化文本分析监控和风险控制等,0.8,pattern
知识图谱,applied_to,文本,知识图谱结合多学科方法展示学科核心结构，揭示动态发展，应用于智能化文本分析监控和风险控制等,0.8,pattern
知识图谱,applied_to,分析,知识图谱结合多学科方法展示学科核心结构，揭示动态发展，应用于智能化文本分析监控和风险控制等,0.8,pattern
知识图谱,applied_to,监控,知识图谱结合多学科方法展示学科核心结构，揭示动态发展，应用于智能化文本分析监控和风险控制等,0.8,pattern
知识图谱,applied_to,风险,知识图谱结合多学科方法展示学科核心结构，揭示动态发展，应用于智能化文本分析监控和风险控制等,0.8,pattern
知识图谱,based_on,多学科融合目的的现代理论,知识图谱（多学科融合目的的现代理论）,0.9,openai
知识图谱,includes,多学科理论,百度百科上的知识图谱整合多学科理论,0.9,openai
知识图谱,describes,知识资源及其相互关系,通过可视化技术描述及展示知识资源及其相互关系,0.9,openai
知识图谱,provides,研究动态及规律参考,提供研究动态及规律参考,0.9,openai
知识图谱,combines,多学科方法,知识图谱结合多学科方法展示学科核心结构,0.9,openai
知识图谱,applied_to,智能化文本分析监控和风险控制,应用于智能化文本分析监控和风险控制等,0.9,openai
图谱,used_for,系统,集合了关于知识图谱构建表示学习和应用的文献工具和资源，适用于NLP对话系统和推荐系统等领域,0.8,pattern
图谱,used_for,对话,集合了关于知识图谱构建表示学习和应用的文献工具和资源，适用于NLP对话系统和推荐系统等领域,0.8,pattern
图谱,used_for,NLP,集合了关于知识图谱构建表示学习和应用的文献工具和资源，适用于NLP对话系统和推荐系统等领域,0.8,pattern
文献,used_for,系统,集合了关于知识图谱构建表示学习和应用的文献工具和资源，适用于NLP对话系统和推荐系统等领域,0.8,pattern
文献,used_for,对话,集合了关于知识图谱构建表示学习和应用的文献工具和资源，适用于NLP对话系统和推荐系统等领域,0.8,pattern
文献,used_for,领域,集合了关于知识图谱构建表示学习和应用的文献工具和资源，适用于NLP对话系统和推荐系统等领域,0.8,pattern
文献,used_for,NLP,集合了关于知识图谱构建表示学习和应用的文献工具和资源，适用于NLP对话系统和推荐系统等领域,0.8,pattern
工具,used_for,系统,集合了关于知识图谱构建表示学习和应用的文献工具和资源，适用于NLP对话系统和推荐系统等领域,0.8,pattern
工具,used_for,对话,集合了关于知识图谱构建表示学习和应用的文献工具和资源，适用于NLP对话系统和推荐系统等领域,0.8,pattern
工具,used_for,领域,集合了关于知识图谱构建表示学习和应用的文献工具和资源，适用于NLP对话系统和推荐系统等领域,0.8,pattern
工具,used_for,NLP,集合了关于知识图谱构建表示学习和应用的文献工具和资源，适用于NLP对话系统和推荐系统等领域,0.8,pattern
资源,used_for,系统,集合了关于知识图谱构建表示学习和应用的文献工具和资源，适用于NLP对话系统和推荐系统等领域,0.8,pattern
资源,used_for,对话,集合了关于知识图谱构建表示学习和应用的文献工具和资源，适用于NLP对话系统和推荐系统等领域,0.8,pattern
资源,used_for,领域,集合了关于知识图谱构建表示学习和应用的文献工具和资源，适用于NLP对话系统和推荐系统等领域,0.8,pattern
资源,used_for,NLP,集合了关于知识图谱构建表示学习和应用的文献工具和资源，适用于NLP对话系统和推荐系统等领域,0.8,pattern
知识图谱,used_for,系统,集合了关于知识图谱构建表示学习和应用的文献工具和资源，适用于NLP对话系统和推荐系统等领域,0.8,pattern
知识图谱,used_for,对话,集合了关于知识图谱构建表示学习和应用的文献工具和资源，适用于NLP对话系统和推荐系统等领域,0.8,pattern
知识图谱,used_for,NLP,集合了关于知识图谱构建表示学习和应用的文献工具和资源，适用于NLP对话系统和推荐系统等领域,0.8,pattern
图谱构建,used_for,系统,集合了关于知识图谱构建表示学习和应用的文献工具和资源，适用于NLP对话系统和推荐系统等领域,0.8,pattern
图谱构建,used_for,对话,集合了关于知识图谱构建表示学习和应用的文献工具和资源，适用于NLP对话系统和推荐系统等领域,0.8,pattern
图谱构建,used_for,领域,集合了关于知识图谱构建表示学习和应用的文献工具和资源，适用于NLP对话系统和推荐系统等领域,0.8,pattern
图谱构建,used_for,NLP,集合了关于知识图谱构建表示学习和应用的文献工具和资源，适用于NLP对话系统和推荐系统等领域,0.8,pattern
GitHub仓库,includes,知识图谱相关主题的学习材料,GitHub仓库提供知识图谱相关主题的学习材料，为系统学习提供纲要。,0.9,openai
GitHub仓库,contains,关于知识图谱构建表示学习和应用的文献工具和资源,集合了关于知识图谱构建表示学习和应用的文献工具和资源，适用于NLP对话系统和推荐系统等领域。,0.9,openai
NLP对话系统和推荐系统等领域,related_to,知识图谱构建,集合了关于知识图谱构建表示学习和应用的文献工具和资源，适用于NLP对话系统和推荐系统等领域。,0.9,openai
华为云,includes,本体,华为云的平台提供知识图谱服务，包括本体设计信息抽取映射融合和增量更新，支持大规模数据的处理,0.8,pattern
华为云,includes,设计,华为云的平台提供知识图谱服务，包括本体设计信息抽取映射融合和增量更新，支持大规模数据的处理,0.8,pattern
华为云,includes,信息,华为云的平台提供知识图谱服务，包括本体设计信息抽取映射融合和增量更新，支持大规模数据的处理,0.8,pattern
华为云,includes,融合,华为云的平台提供知识图谱服务，包括本体设计信息抽取映射融合和增量更新，支持大规模数据的处理,0.8,pattern
华为云,includes,增量,华为云的平台提供知识图谱服务，包括本体设计信息抽取映射融合和增量更新，支持大规模数据的处理,0.8,pattern
图谱,includes,本体,华为云的平台提供知识图谱服务，包括本体设计信息抽取映射融合和增量更新，支持大规模数据的处理,0.8,pattern
图谱,includes,信息,华为云的平台提供知识图谱服务，包括本体设计信息抽取映射融合和增量更新，支持大规模数据的处理,0.8,pattern
图谱,includes,融合,华为云的平台提供知识图谱服务，包括本体设计信息抽取映射融合和增量更新，支持大规模数据的处理,0.8,pattern
图谱,includes,增量,华为云的平台提供知识图谱服务，包括本体设计信息抽取映射融合和增量更新，支持大规模数据的处理,0.8,pattern
平台,includes,本体,华为云的平台提供知识图谱服务，包括本体设计信息抽取映射融合和增量更新，支持大规模数据的处理,0.8,pattern
平台,includes,设计,华为云的平台提供知识图谱服务，包括本体设计信息抽取映射融合和增量更新，支持大规模数据的处理,0.8,pattern
平台,includes,信息,华为云的平台提供知识图谱服务，包括本体设计信息抽取映射融合和增量更新，支持大规模数据的处理,0.8,pattern
平台,includes,融合,华为云的平台提供知识图谱服务，包括本体设计信息抽取映射融合和增量更新，支持大规模数据的处理,0.8,pattern
平台,includes,增量,华为云的平台提供知识图谱服务，包括本体设计信息抽取映射融合和增量更新，支持大规模数据的处理,0.8,pattern
华为,includes,本体,华为云的平台提供知识图谱服务，包括本体设计信息抽取映射融合和增量更新，支持大规模数据的处理,0.8,pattern
华为,includes,设计,华为云的平台提供知识图谱服务，包括本体设计信息抽取映射融合和增量更新，支持大规模数据的处理,0.8,pattern
华为,includes,信息,华为云的平台提供知识图谱服务，包括本体设计信息抽取映射融合和增量更新，支持大规模数据的处理,0.8,pattern
华为,includes,融合,华为云的平台提供知识图谱服务，包括本体设计信息抽取映射融合和增量更新，支持大规模数据的处理,0.8,pattern
华为,includes,增量,华为云的平台提供知识图谱服务，包括本体设计信息抽取映射融合和增量更新，支持大规模数据的处理,0.8,pattern
服务,includes,本体,华为云的平台提供知识图谱服务，包括本体设计信息抽取映射融合和增量更新，支持大规模数据的处理,0.8,pattern
服务,includes,设计,华为云的平台提供知识图谱服务，包括本体设计信息抽取映射融合和增量更新，支持大规模数据的处理,0.8,pattern
服务,includes,信息,华为云的平台提供知识图谱服务，包括本体设计信息抽取映射融合和增量更新，支持大规模数据的处理,0.8,pattern
服务,includes,融合,华为云的平台提供知识图谱服务，包括本体设计信息抽取映射融合和增量更新，支持大规模数据的处理,0.8,pattern
服务,includes,增量,华为云的平台提供知识图谱服务，包括本体设计信息抽取映射融合和增量更新，支持大规模数据的处理,0.8,pattern
知识图谱,includes,本体,华为云的平台提供知识图谱服务，包括本体设计信息抽取映射融合和增量更新，支持大规模数据的处理,0.8,pattern
知识图谱,includes,信息,华为云的平台提供知识图谱服务，包括本体设计信息抽取映射融合和增量更新，支持大规模数据的处理,0.8,pattern
知识图谱,includes,融合,华为云的平台提供知识图谱服务，包括本体设计信息抽取映射融合和增量更新，支持大规模数据的处理,0.8,pattern
知识图谱,includes,增量,华为云的平台提供知识图谱服务，包括本体设计信息抽取映射融合和增量更新，支持大规模数据的处理,0.8,pattern
华为云,supports,数据,华为云的平台提供知识图谱服务，包括本体设计信息抽取映射融合和增量更新，支持大规模数据的处理,0.8,pattern
图谱,supports,数据,华为云的平台提供知识图谱服务，包括本体设计信息抽取映射融合和增量更新，支持大规模数据的处理,0.8,pattern
平台,supports,数据,华为云的平台提供知识图谱服务，包括本体设计信息抽取映射融合和增量更新，支持大规模数据的处理,0.8,pattern
华为,supports,数据,华为云的平台提供知识图谱服务，包括本体设计信息抽取映射融合和增量更新，支持大规模数据的处理,0.8,pattern
服务,supports,数据,华为云的平台提供知识图谱服务，包括本体设计信息抽取映射融合和增量更新，支持大规模数据的处理,0.8,pattern
本体,supports,数据,华为云的平台提供知识图谱服务，包括本体设计信息抽取映射融合和增量更新，支持大规模数据的处理,0.8,pattern
设计,supports,数据,华为云的平台提供知识图谱服务，包括本体设计信息抽取映射融合和增量更新，支持大规模数据的处理,0.8,pattern
信息,supports,数据,华为云的平台提供知识图谱服务，包括本体设计信息抽取映射融合和增量更新，支持大规模数据的处理,0.8,pattern
融合,supports,数据,华为云的平台提供知识图谱服务，包括本体设计信息抽取映射融合和增量更新，支持大规模数据的处理,0.8,pattern
增量,supports,数据,华为云的平台提供知识图谱服务，包括本体设计信息抽取映射融合和增量更新，支持大规模数据的处理,0.8,pattern
知识图谱,supports,数据,华为云的平台提供知识图谱服务，包括本体设计信息抽取映射融合和增量更新，支持大规模数据的处理,0.8,pattern
图谱,supports,领域,介绍知识图谱构建的全面服务，强调系统的定制性高可靠性及实时性特征，支持多领域知识应用,0.8,pattern
服务,supports,领域,介绍知识图谱构建的全面服务，强调系统的定制性高可靠性及实时性特征，支持多领域知识应用,0.8,pattern
全面,supports,领域,介绍知识图谱构建的全面服务，强调系统的定制性高可靠性及实时性特征，支持多领域知识应用,0.8,pattern
系统,supports,领域,介绍知识图谱构建的全面服务，强调系统的定制性高可靠性及实时性特征，支持多领域知识应用,0.8,pattern
高可靠性,supports,领域,介绍知识图谱构建的全面服务，强调系统的定制性高可靠性及实时性特征，支持多领域知识应用,0.8,pattern
实时性,supports,领域,介绍知识图谱构建的全面服务，强调系统的定制性高可靠性及实时性特征，支持多领域知识应用,0.8,pattern
特征,supports,领域,介绍知识图谱构建的全面服务，强调系统的定制性高可靠性及实时性特征，支持多领域知识应用,0.8,pattern
知识图谱,supports,领域,介绍知识图谱构建的全面服务，强调系统的定制性高可靠性及实时性特征，支持多领域知识应用,0.8,pattern
图谱构建,supports,领域,介绍知识图谱构建的全面服务，强调系统的定制性高可靠性及实时性特征，支持多领域知识应用,0.8,pattern
华为云,provides,知识图谱服务,华为云的平台提供知识图谱服务，包括本体设计信息抽取映射融合和增量更新，支持大规模数据的处理。,0.9,openai
知识图谱服务,includes,本体设计信息抽取映射融合和增量更新,华为云的平台提供知识图谱服务，包括本体设计信息抽取映射融合和增量更新，支持大规模数据的处理。,0.9,openai
知识图谱构建,is_a,服务,介绍知识图谱构建的全面服务，强调系统的定制性高可靠性及实时性特征，支持多领域知识应用。,0.9,openai
系统,has_features,"定制性, 高可靠性, 实时性",介绍知识图谱构建的全面服务，强调系统的定制性高可靠性及实时性特征，支持多领域知识应用。,0.9,openai
知识图谱构建,supports,多领域知识应用,介绍知识图谱构建的全面服务，强调系统的定制性高可靠性及实时性特征，支持多领域知识应用。,0.9,openai
CCF DL Focus,focuses_on,Knowledge Graph,CCF DL Focus报告探讨知识图谱在智能化转型中的作用,0.9,openai
CCF DL Focus,covers,"constructing, managing, learning, reasoning, and application trends",CCF DL Focus报告探讨知识图谱在智能化转型中的作用，涵盖了构建管理表示学习推理及应用趋势,0.8,openai
CCF DL Focus,emphasizes,the importance of knowledge graph's technical methods to cognitive intelligence,编辑寄语强调知识图谱的技术方法及其对认知智能的重要性,0.85,openai
report,involves,various aspects of knowledge graph lifecycle,报告涉及知识图谱生命周期的各个方面,0.8,openai
report,provides_support_for,"applications in finance, education, and healthcare fields",为金融教育医疗等领域的应用提供支持,0.85,openai
